age_group,amount_inr
18-25,108144.70951993491
26-35,107821.45272227586
36-45,107003.13380800393
46-55,107278.76925112464
56+,105613.10549717057
